firstName,middleName,lastName,employeeId,username,password,nationality,maritalStatus,emergencyName,emergencyRelationship,emergencyHomeTelephone,emergencyMobile,emergencyWorkTelephone,street1,street2,city,stateProvince,zipPostalCode,country,contactHomeTelephone,contactMobile,contactWorkTelephone,workEmail,otherEmail
James,Robert,Smith,1,jsmith1,a234567,American,Single,Mary Smith,Mother,0220000001,01000000001,0220000002,12 Oak Street,Apt 4,Springfield,Illinois,62701,United States,0220000003,01000000002,0220000004,james.smith@example.com,jsmith.personal@example.com
Michael,Anthony,Johnson,2,mjohnson2,a234567,American,Married,Laura Johnson,Spouse,0220000005,01000000003,0220000006,450 Main Avenue,Suite 200,Dallas,Texas,75201,United States,0220000007,01000000004,0220000008,michael.johnson@example.com,mjohnson.personal@example.com
Emily,Grace,Davis,3,edavis3,a234567,British,Single,Robert Davis,Father,0200000001,07000000001,0200000002,21 Baker Road,Flat 3,London,England,EC1A 1BB,United Kingdom,0200000003,07000000002,0200000004,emily.davis@example.com,edavis.personal@example.com
Olivia,Marie,Brown,4,obrown4,a234567,Canadian,Married,Thomas Brown,Husband,4160000001,14160000001,4160000002,88 King Street,Unit 12,Toronto,Ontario,M5V 3L9,Canada,4160000003,14160000002,4160000004,olivia.brown@example.com,obrown.personal@example.com
Ethan,James,Wilson,5,ewilson5,a234567,German,Other,Anna Wilson,Sister,0300000001,01700000001,0300000002,14 Lindenweg,Haus B,Berlin,Berlin,10115,Germany,0300000003,01700000002,0300000004,ethan.wilson@example.com,ewilson.personal@example.com
Sophia,Lynn,Miller,6,smiller6,a234567,French,Single,Paul Miller,Brother,0100000001,0600000001,0100000002,7 Rue de Rivoli,Appartement 5,Paris,Ile-de-France,75001,France,0100000003,0600000002,0100000004,sophia.miller@example.com,smiller.personal@example.com
Daniel,Lee,Garcia,7,dgarcia7,a234567,Brazilian,Married,Carla Garcia,Wife,1130000001,11990000001,1130000002,Avenida Paulista 1000,Bloco C,Sao Paulo,Sao Paulo,01310-100,Brazil,1130000003,11990000002,1130000004,daniel.garcia@example.com,dgarcia.personal@example.com
Ava,Rose,Martinez,8,amartinez8,a234567,Egyptian,Single,Hany Martinez,Father,0220000009,01000000005,0220000010,15 Tahrir Street,Floor 2,Cairo,Cairo Governorate,11511,Egypt,0220000011,01000000006,0220000012,ava.martinez@example.com,amartinez.personal@example.com
Matthew,Paul,Anderson,9,manderson9,a234567,Taiwanese,Married,Lin Anderson,Spouse,0280000001,0900000001,0280000002,100 Zhongxiao East Road,Floor 8,Taipei,Taipei City,100,Taiwan,0280000003,0900000002,0280000004,matthew.anderson@example.com,manderson.personal@example.com
Mia,Jean,Thompson,10,mthompson10,a234567,Japanese,Single,Kenji Thompson,Brother,0300000005,09000000001,0300000006,1-1 Chiyoda,Room 301,Tokyo,Tokyo,100-0001,Japan,0300000007,09000000002,0300000008,mia.thompson@example.com,mthompson.personal@example.com
