Fullname,Role,Status,Username,Password,Confirmpassword
James Robert Smith,Admin,Enabled,ctaylor11,a234567,a234567
Michael Anthony Johnson,Admin,Disabled,jmoore12,a234567,a234567
Emily Grace Davis,Admin,Enabled,rjackson13,a234567,a234567
Olivia Marie Brown,Admin,Disabled,awhite14,a234567,a234567
Ethan James Wilson,Admin,Enabled,aharris15,a234567,a234567
Sophia Lynn Miller,Admin,Disabled,hclark16,a234567,a234567
Daniel Lee Garcia,Admin,Enabled,rlewis17,a234567,a234567
Ava Rose Martinez,Admin,Disabled,gyoung18,a234567,a234567
Matthew Paul Anderson,Admin,Enabled,nwalker19,a234567,a234567
Mia Jean Thompson,Admin,Disabled,lhall20,a234567,a234567
